name,production_time
advanced_gemstone_dust,108
advanced_lemon_incense,108
advanced_wind_chime,162
agave_drink,162
agave_syrup,108
aniipod,1800
aniipod_mega,1800
aniipod_pro,1800
apple_candy,162
apple_juice,108
apple_tart,108
bamboo_joss_stick,108
bamboo_ware,54
berry_chocolate_coconut_pudding,378
bouquet,108
bread,108
candied_orange_flower,162
candied_strawberries,108
caramel_nut_chips,162
cherry_blossom_rice_ball,162
cherry_incense,108
chestnut_puree,54
cider_vinegar,54
clay,1800
coarse_sifted_ore,27
cocoa_powder,54
cocoa_spread,216
coconut_cocoa,108
coconut_cookie,108
coconut_cooler,54
coconut_milk,108
coconut_oil,54
copper_ore,1800
cotton_fabric,54
cotton_thread,54
cranberry_chocolate,270
cranberry_jam,216
cranberry_juice,108
creamy_potato_soup,108
deep_rock_spring_water,1800
densified_timber_component,27
doll,216
dream_catcher,108
dried_apple_slices,54
dried_bean_curd,54
dried_cherry_blossom,54
dried_cranberries,54
dried_flowers,54
dried_ginseng,54
dried_grapes,54
dried_lemon_slices,54
dried_strawberries,54
dye,108
dyed_cotton_fabric,162
flower_bread,108
flowers_in_a_bottle,162
fresh_water,1800
gem,1800
gemstone_dust,108
ginseng_chestnut_cake,108
ginseng_porridge,108
ginseng_powder,54
ginseng_water,108
grape_candy,162
grape_jam,54
grape_juice,108
grape_lemon_drink,162
growth_bud,1200
growth_flower,2400
growth_fruit,3600
harvest_platter,270
herbal_ginseng_aroma,108
hot_cocoa,108
jello,162
laminated_beams,27
lavender_cookies,108
lavender_incense,108
lavender_powder,54
lavender_sachet,108
lemon_incense,108
lotion,108
malt_sugar,162
maple_candy_apple_jam,108
maple_candy_roasted_potatoes,162
maple_candy_star,108
maple_sugar_chunk,54
microcrystalline_ore_plate,27
milled_rice,54
mixed_perfume,108
moondew_radish_slices,162
natural_mineral_spring,1800
natural_mineral_spring_water,1800
nuts,108
orange_flower_dew,108
orange_flower_incense,108
palm_rope,54
pearl_necklace,108
plain_fresh_water,1800
plain_rice_porridge,108
porcelain,108
potato_chips,54
potato_kvass,216
pottery,108
premium_berry_chocolate_coconut_pudding,378
premium_bread,108
premium_jello,162
premium_mixed_perfume,108
premium_potato_soup,108
premium_river_washed_stones,108
premium_rose_freshener,162
premium_salted_lemon,108
premium_soap,162
premium_sweet_rice_wine,216
quartz_ore,1800
quick_deep_rock_spring_water,1800
quick_fresh_water,1800
quick_natural_mineral_spring,1800
quick_natural_mineral_spring_water,1800
quick_plain_fresh_water,1800
quick_well_water,1800
refined_flour,54
refined_ore,27
rice_drink,108
rice_vinegar,108
rich_grape_compote,162
river_washed_stones,108
roasted_soybeans,108
roasted_waxing_moon_pepper,108
rock,900
rock_candy,108
rose_concentrate,108
rose_freshener,162
rose_incense,108
rose_shortbread,162
rough_lumber,27
rubber_duck,54
salted_cherry_blossom,108
salted_lemon,108
shell,1800
shell_ornament,108
shredded_coconut,54
sintered_ore_brick,27
soap,162
soy_sauce,108
soy_sauce_fried_rice,162
soy_sauce_tofu,162
standard_planks,27
star_wish_lantern,108
steamed_vermicelli_roll,108
strawberry_candy,216
strawberry_cream_puff,162
strawberry_jam,54
strawberry_juice,108
sugar_roasted_chestnuts,162
sugarcane_juice,54
sweet_rice_drink,216
tanghulu,162
toasted_rice_green_tea,108
tofu,54
umbral_hot_pot,162
umbral_pickle,162
umbral_sweet_spicy_sauce,162
walnut_cake,162
walnut_milk,108
well_water,1800
wheat_tea,108
wheatmeal,54
wind_chime,162
wood_sculpture,54
wool_fabric,54
woolen_yarn,54
woven_toy,54
